PLAYER,TEAM,AGE,GP,W,L,MIN,PTS,FGM,FGA,FG%,3PM,3PA,3P%,FTM,FTA,FT%,OREB,DREB,REB,AST,TOV,STL,BLK,PF,FP,DD2,TD3,+/-,
Zach LaVine,CHI,23,1,0,1,33.8,15,6,20,30,1,5,20,2,3,66.7,1,4,5,4,4,1,1,1,29,0,0,-19,
Zach Collins,POR,20,1,0,1,23.5,5,2,5,40,1,2,50,0,0,0,1,7,8,0,1,0,0,2,13.6,0,0,-1,
Wilson Chandler,PHI,31,1,1,0,21.6,2,1,3,33.3,0,1,0,0,0,0,1,4,5,0,2,0,0,3,6,0,0,18,
Willie Cauley-Stein,SAC,25,1,0,1,34.8,11,5,9,55.6,0,0,0,1,3,33.3,4,4,8,2,2,3,0,5,30.6,0,0,-1,
Wesley Johnson,NOP,31,1,1,0,12.1,5,2,4,50,1,3,33.3,0,0,0,0,1,1,0,2,1,1,3,10.2,0,0,-8,
Wendell Carter Jr.,CHI,19,1,0,1,24.6,12,6,8,75,0,0,0,0,0,0,0,4,4,4,1,1,1,3,27.8,0,0,-21,
Wayne Selden,MEM,24,1,1,0,29.7,10,5,12,41.7,0,2,0,0,0,0,0,0,0,2,0,0,1,1,16,0,0,1,
Wayne Ellington,MIA,30,1,0,1,17.6,9,3,10,30,3,9,33.3,0,0,0,0,1,1,1,0,2,0,1,17.7,0,0,-21,
Wade Baldwin IV,POR,22,1,0,1,5.7,2,1,2,50,0,1,0,0,0,0,1,0,1,1,0,0,0,0,4.7,0,0,8,
Victor Oladipo,IND,26,1,1,0,29.5,8,3,12,25,2,5,40,0,0,0,0,4,4,5,2,0,1,0,21.3,0,0,-13,
Tyus Jones,MIN,22,1,1,0,11,4,2,2,100,0,0,0,0,0,0,0,1,1,2,0,1,0,0,11.2,0,0,0,
Tyreke Evans,IND,29,1,1,0,25.4,23,6,13,46.2,5,7,71.4,6,6,100,1,9,10,2,1,0,1,1,40,1,0,21,
Tyler Johnson,MIA,26,1,0,1,29.7,10,3,11,27.3,2,4,50,2,2,100,1,4,5,4,1,1,1,4,27,0,0,-23,
Troy Williams,SAC,23,1,0,1,18.7,8,3,8,37.5,2,6,33.3,0,0,0,1,7,8,0,1,0,1,0,19.6,0,0,2,
Troy Brown Jr.,WAS,19,1,0,1,1.3,0,0,1,0,0,0,0,0,0,0,0,1,1,0,0,0,0,0,1.2,0,0,0,
Trey Burke,NYK,26,1,0,1,25.8,24,10,13,76.9,1,2,50,3,5,60,0,1,1,1,1,1,1,3,31.7,0,0,-8,
Tony Snell,MIL,27,1,1,0,17,11,5,7,71.4,1,3,33.3,0,0,0,0,2,2,0,2,2,0,1,17.4,0,0,11,
Tomas Satoransky,WAS,27,1,0,1,12,4,2,3,66.7,0,0,0,0,0,0,0,1,1,1,0,0,1,2,9.7,0,0,-2,
Tim Hardaway Jr.,NYK,26,1,0,1,38.1,30,9,23,39.1,4,12,33.3,8,10,80,2,6,8,2,3,2,0,2,45.6,0,0,-5,
Thon Maker,MIL,21,1,1,0,17.9,9,3,10,30,3,7,42.9,0,0,0,1,2,3,1,0,0,1,3,17.1,0,0,3,
Thaddeus Young,IND,30,1,1,0,26.4,6,3,7,42.9,0,1,0,0,0,0,2,4,6,0,2,1,1,2,17.2,0,0,12,
Thabo Sefolosha,UTA,34,1,0,1,10.9,2,1,1,100,0,0,0,0,0,0,0,6,6,1,1,0,0,0,9.7,0,0,6,
Terry Rozier,BOS,24,1,1,0,19.8,4,2,6,33.3,0,1,0,0,0,0,0,3,3,1,1,0,0,0,8.1,0,0,-4,
Taj Gibson,MIN,33,1,1,0,21,12,6,10,60,0,0,0,0,0,0,3,1,4,5,0,0,0,2,24.3,0,0,10,
Sterling Brown,MIL,23,1,1,0,10.2,0,0,1,0,0,1,0,0,0,0,0,0,0,1,0,0,0,1,1.5,0,0,-5,
Spencer Dinwiddie,BKN,25,1,1,0,31.3,25,8,13,61.5,3,5,60,6,9,66.7,2,2,4,8,1,3,0,4,49.8,0,0,7,
Shelvin Mack,MEM,28,1,1,0,27.2,9,3,8,37.5,2,5,40,1,1,100,0,2,2,8,3,2,0,2,26.4,0,0,14,
Shaquille Harrison,CHI,25,1,0,1,18.8,5,2,5,40,0,0,0,1,2,50,1,6,7,1,0,0,0,0,14.9,0,0,-5,
Shabazz Napier,BKN,27,1,1,0,18.3,8,2,7,28.6,0,2,0,4,5,80,0,4,4,1,0,0,1,1,17.3,0,0,0,
Serge Ibaka,TOR,29,1,0,1,34.5,21,8,15,53.3,2,3,66.7,3,3,100,1,3,4,0,0,1,1,3,31.8,0,0,4,
Ryan Arcidiacono,CHI,24,1,0,1,29.2,3,1,6,16.7,1,6,16.7,0,0,0,0,2,2,3,0,1,0,1,12.9,0,0,-14,
Rudy Gobert,UTA,26,1,0,1,28.3,12,5,10,50,0,0,0,2,4,50,6,4,10,1,3,0,1,5,25.5,1,0,-26,
Royce O'Neale,UTA,25,1,0,1,16.6,2,1,1,100,0,0,0,0,0,0,0,1,1,1,1,1,0,4,6.7,0,0,9,
Rodney McGruder,MIA,27,1,0,1,31.5,11,5,11,45.5,1,3,33.3,0,0,0,1,4,5,1,1,1,0,1,20.5,0,0,13,
Rodions Kurucs,BKN,20,1,1,0,20.8,9,4,8,50,1,2,50,0,0,0,1,2,3,0,0,0,0,0,12.6,0,0,1,
Robin Lopez,CHI,30,1,0,1,19.9,5,2,5,40,0,0,0,1,2,50,1,0,1,1,1,0,1,1,9.7,0,0,-1,
Robert Covington,MIN,27,1,1,0,23.4,14,5,7,71.4,4,6,66.7,0,0,0,1,4,5,0,1,3,0,5,28,0,0,4,
Ricky Rubio,UTA,28,1,0,1,31.4,13,4,8,50,1,2,50,4,9,44.4,0,3,3,4,3,1,0,5,22.6,0,0,-15,
Pat Connaughton,MIL,25,1,1,0,22.8,2,1,4,25,0,3,0,0,0,0,0,7,7,4,0,1,0,2,19.4,0,0,14,
Pascal Siakam,TOR,24,1,0,1,39.2,16,6,11,54.5,0,0,0,4,6,66.7,3,6,9,4,2,2,0,6,36.8,0,0,-2,
Otto Porter Jr.,WAS,25,1,0,1,28.9,8,3,10,30,0,3,0,2,2,100,0,6,6,2,2,1,0,0,19.2,0,0,-4,
Omri Casspi,MEM,30,1,1,0,8.7,6,2,3,66.7,1,1,100,1,2,50,0,2,2,0,0,0,0,1,8.4,0,0,-11,
OG Anunoby,TOR,21,1,0,1,9.4,5,2,3,66.7,1,2,50,0,0,0,0,0,0,0,2,0,0,1,3,0,0,-15,
Noah Vonleh,NYK,23,1,0,1,27.5,4,2,5,40,0,2,0,0,0,0,0,6,6,2,1,0,1,4,16.2,0,0,0,
Nikola Mirotic,NOP,27,1,1,0,27,12,4,11,36.4,2,8,25,2,2,100,1,9,10,1,0,0,1,2,28.5,1,0,-7,
Nik Stauskas,POR,25,1,0,1,15.4,8,4,5,80,0,1,0,0,0,0,0,2,2,1,2,0,0,1,9.9,0,0,-19,
Nemanja Bjelica,SAC,30,1,0,1,28.2,8,2,7,28.6,2,5,40,2,2,100,1,5,6,3,1,1,0,3,21.7,0,0,-11,
Myles Turner,IND,22,1,1,0,28.1,12,4,11,36.4,1,3,33.3,3,4,75,0,7,7,4,2,1,3,0,36.4,0,0,-18,
Mitchell Robinson,NYK,20,1,0,1,24.3,7,3,6,50,0,0,0,1,2,50,4,3,7,1,1,1,1,5,21.9,0,0,2,
Mike Muscala,PHI,27,1,1,0,31.5,9,3,7,42.9,3,5,60,0,0,0,1,3,4,0,1,1,1,4,18.8,0,0,-7,
Mike Conley,MEM,31,1,1,0,34.5,19,7,16,43.8,1,4,25,4,8,50,0,3,3,6,4,0,0,2,27.6,0,0,9,
Meyers Leonard,POR,26,1,0,1,13.7,10,4,6,66.7,2,2,100,0,0,0,1,4,5,0,0,0,0,1,16,0,0,-5,
Matthew Dellavedova,MIL,28,1,1,0,3.5,0,0,0,0,0,0,0,0,0,0,0,1,1,1,0,0,0,0,2.7,0,0,-3,
Marvin Bagley III,SAC,19,1,0,1,20.2,7,1,3,33.3,0,1,0,5,6,83.3,1,0,1,1,2,0,0,1,7.7,0,0,0,
Markieff Morris,WAS,29,1,0,1,20.1,4,2,5,40,0,1,0,0,0,0,1,1,2,2,2,1,0,1,10.4,0,0,-12,
Markelle Fultz,PHI,20,1,1,0,14.5,6,2,5,40,0,0,0,2,4,50,2,1,3,2,1,0,0,0,11.6,0,0,-8,
Marcus Smart,BOS,24,1,1,0,18.6,5,2,5,40,0,2,0,1,1,100,0,5,5,1,4,0,0,3,8.5,0,0,-17,
Marcus Morris,BOS,29,1,1,0,33.1,11,4,8,50,1,2,50,2,3,66.7,1,6,7,0,2,0,0,3,17.4,0,0,11,
Marc Gasol,MEM,33,1,1,0,35,19,7,12,58.3,2,6,33.3,3,5,60,6,9,15,2,4,0,0,4,36,1,0,10,
MarShon Brooks,MEM,29,1,1,0,13.8,6,2,8,25,1,2,50,1,1,100,0,0,0,2,0,0,1,1,12,0,0,-5,
Malcolm Brogdon,MIL,25,1,1,0,28.6,13,5,12,41.7,3,5,60,0,0,0,2,2,4,3,0,0,0,1,22.3,0,0,18,
Landry Shamet,PHI,21,1,1,0,14.3,6,2,4,50,2,4,50,0,0,0,0,1,1,1,1,0,0,3,7.7,0,0,-4,
Kyrie Irving,BOS,26,1,1,0,38.5,43,18,26,69.2,3,6,50,4,6,66.7,0,2,2,11,3,3,1,3,70.9,1,0,9,
Kyle Lowry,TOR,32,1,0,1,42.6,14,3,12,25,1,6,16.7,7,8,87.5,0,2,2,7,4,2,0,3,28.9,0,0,5,
Kyle Anderson,MEM,25,1,1,0,30.7,2,1,4,25,0,0,0,0,0,0,1,6,7,2,1,2,1,5,21.4,0,0,12,
Khris Middleton,MIL,27,1,1,0,33.1,23,9,15,60,2,6,33.3,3,3,100,0,10,10,8,2,2,0,3,51,1,0,18,
Kevin Knox,NYK,19,1,0,1,20.8,11,4,9,44.4,3,6,50,0,1,0,2,3,5,2,2,1,0,4,21,0,0,3,
Kelly Oubre Jr.,WAS,22,1,0,1,27.9,18,5,6,83.3,1,2,50,7,8,87.5,0,4,4,1,0,1,0,2,27.3,0,0,1,
Kelly Olynyk,MIA,27,1,0,1,16.5,0,0,7,0,0,2,0,0,0,0,3,3,6,1,2,1,0,0,9.7,0,0,-14,
Kawhi Leonard,TOR,27,1,0,1,42.5,31,11,25,44,0,3,0,9,11,81.8,2,13,15,4,2,3,0,0,62,1,0,4,
Karl-Anthony Towns,MIN,23,1,1,0,33.6,14,6,15,40,2,4,50,0,0,0,3,6,9,1,3,1,1,2,29.3,0,0,8,
Jusuf Nurkic,POR,24,1,0,1,23.1,13,5,8,62.5,0,0,0,3,4,75,4,7,11,0,4,0,1,2,25.2,1,0,-12,
Justise Winslow,MIA,22,1,0,1,22.7,5,2,8,25,1,5,20,0,0,0,0,6,6,6,2,1,0,2,22.2,0,0,4,
Justin Holiday,CHI,29,1,0,1,29.2,20,7,12,58.3,6,9,66.7,0,0,0,1,2,3,4,1,3,0,3,37.6,0,0,-18,
Julius Randle,NOP,23,1,1,0,30.2,19,7,10,70,0,2,0,5,8,62.5,3,8,11,2,3,1,0,4,35.2,1,0,4,
Jrue Holiday,NOP,28,1,1,0,35.9,24,9,18,50,3,5,60,3,3,100,1,3,4,10,4,1,1,3,45.8,1,0,6,
Josh Richardson,MIA,25,1,0,1,40.7,28,10,16,62.5,7,10,70,1,1,100,0,4,4,2,3,1,0,2,35.8,0,0,8,
Josh Okogie,MIN,20,1,1,0,0.6,0,0,1,0,0,1,0,0,0,0,0,0,0,0,0,0,0,0,0,0,0,0,
Jonas Valanciunas,TOR,26,1,0,1,19.1,11,5,8,62.5,0,0,0,1,1,100,3,2,5,1,2,0,1,1,19.5,0,0,-13,
John Wall,WAS,28,1,0,1,37.9,16,6,19,31.6,1,5,20,3,4,75,0,1,1,7,3,1,1,4,30.7,0,0,-11,
Joel Embiid,PHI,24,1,1,0,26.2,23,7,20,35,1,4,25,8,9,88.9,1,6,7,2,1,2,3,4,48.4,0,0,12,
Joe Ingles,UTA,31,1,0,1,32.6,14,6,12,50,2,5,40,0,0,0,0,2,2,2,1,3,1,2,30.4,0,0,-16,
Joe Harris,BKN,27,1,1,0,25,9,3,9,33.3,1,6,16.7,2,2,100,0,5,5,1,2,1,0,2,17.5,0,0,10,
Jimmy Butler,PHI,29,1,1,0,37.5,28,12,15,80,2,3,66.7,2,5,40,0,3,3,7,3,2,0,2,45.1,0,0,12,
Jeff Teague,MIN,30,1,1,0,37.2,13,5,10,50,2,3,66.7,1,2,50,0,2,2,7,1,2,1,1,33.9,0,0,16,
Jeff Green,WAS,32,1,0,1,23.2,6,2,5,40,0,2,0,2,2,100,1,0,1,2,2,0,0,2,8.2,0,0,0,
Jayson Tatum,BOS,20,1,1,0,37.5,21,8,13,61.5,2,4,50,3,4,75,1,6,7,1,3,2,1,4,36.9,0,0,8,
Jaylen Morris,MIL,23,1,1,0,3.5,0,0,1,0,0,0,0,0,0,0,0,1,1,0,1,0,0,0,0.2,0,0,-3,
Jaylen Brown,BOS,22,1,1,0,25.3,7,3,11,27.3,1,5,20,0,0,0,3,1,4,0,2,0,1,2,12.8,0,0,3,
Jarrett Allen,BKN,20,1,1,0,31.8,16,5,11,45.5,0,0,0,6,8,75,6,6,12,0,0,1,2,6,39.4,1,0,13,
Jaren Jackson Jr.,MEM,19,1,1,0,31.5,27,11,16,68.8,1,1,100,4,6,66.7,2,4,6,0,1,4,2,5,51.2,0,0,5,
Jared Dudley,BKN,33,1,1,0,22.4,5,2,4,50,1,3,33.3,0,0,0,1,2,3,0,2,1,0,4,9.6,0,0,4,
James Nunnally,MIN,28,1,1,0,0.6,0,0,0,0,0,0,0,0,0,0,0,0,0,0,0,0,0,0,0,0,0,0,
Jake Layman,POR,24,1,0,1,15.4,4,1,5,20,0,2,0,2,4,50,1,0,1,0,0,0,0,0,5.2,0,0,-9,
Jae Crowder,UTA,28,1,0,1,30.1,9,2,7,28.6,0,3,0,5,6,83.3,1,5,6,0,0,0,0,1,16.2,0,0,1,
Jabari Parker,CHI,23,1,0,1,33.8,21,9,19,47.4,3,6,50,0,0,0,0,8,8,3,4,0,0,2,31.1,0,0,-15,
JJ Redick,PHI,34,1,1,0,33.7,16,5,9,55.6,1,3,33.3,5,7,71.4,0,2,2,1,3,1,0,4,19.9,0,0,10,
Iman Shumpert,SAC,28,1,0,1,31.5,12,4,9,44.4,3,6,50,1,1,100,0,5,5,1,0,0,0,6,19.5,0,0,-5,
Ian Mahinmi,WAS,32,1,0,1,9.9,3,0,3,0,0,1,0,3,4,75,2,3,5,0,1,0,0,1,8,0,0,-2,
Ian Clark,NOP,27,1,1,0,14.8,4,1,8,12.5,0,1,0,2,2,100,1,0,1,3,0,0,0,2,9.7,0,0,6,
Hassan Whiteside,MIA,29,1,0,1,28.6,12,6,15,40,0,0,0,0,0,0,8,9,17,0,3,0,2,4,35.4,1,0,3,
Harry Giles III,SAC,20,1,0,1,7.1,4,2,2,100,0,0,0,0,0,0,1,2,3,0,1,0,0,4,6.6,0,0,-2,
Gorgui Dieng,MIN,28,1,1,0,14.5,6,3,4,75,0,0,0,0,1,0,1,2,3,1,0,1,0,1,14.1,0,0,8,
Gordon Hayward,BOS,28,1,1,0,39.1,15,4,8,50,1,4,25,6,6,100,1,4,5,5,2,4,0,3,38.5,0,0,18,
Goran Dragic,MIA,32,1,0,1,33.7,8,3,8,37.5,0,3,0,2,4,50,0,1,1,3,3,1,0,1,13.7,0,0,1,
Giannis Antetokounmpo,MIL,23,1,1,0,31.6,23,8,15,53.3,2,4,50,5,9,55.6,4,9,13,4,4,0,3,2,49.6,1,0,18,
Gary Trent Jr.,POR,19,1,0,1,5.7,8,3,5,60,2,2,100,0,0,0,0,1,1,0,0,0,0,0,9.2,0,0,8,
Garrett Temple,MEM,32,1,1,0,29,14,5,6,83.3,3,4,75,1,1,100,0,5,5,2,0,3,0,2,32,0,0,5,
Furkan Korkmaz,PHI,21,1,1,0,10.5,2,1,1,100,0,0,0,0,0,0,1,2,3,1,0,0,0,1,7.1,0,0,-6,
Fred VanVleet,TOR,24,1,0,1,22.1,0,0,6,0,0,6,0,0,0,0,1,0,1,2,1,1,0,2,6.2,0,0,-21,
Frank Ntilikina,NYK,20,1,0,1,14.8,4,2,6,33.3,0,3,0,0,0,0,0,2,2,2,0,0,0,5,9.4,0,0,-16,
Frank Mason,SAC,24,1,0,1,12.1,3,1,3,33.3,0,2,0,1,2,50,0,1,1,1,3,0,0,0,2.7,0,0,-5,
Frank Jackson,NOP,20,1,1,0,11.6,6,2,3,66.7,1,2,50,1,2,50,0,1,1,0,3,0,0,2,4.2,0,0,-2,
Evan Turner,POR,30,1,0,1,21.1,0,0,3,0,0,1,0,0,0,0,0,1,1,4,2,2,0,3,11.2,0,0,-11,
Ersan Ilyasova,MIL,31,1,1,0,8.8,1,0,1,0,0,1,0,1,2,50,0,1,1,0,1,0,1,1,4.2,0,0,-7,
Eric Bledsoe,MIL,28,1,1,0,30,25,10,13,76.9,3,5,60,2,3,66.7,1,3,4,6,3,3,1,0,47.8,0,0,19,
Enes Kanter,NYK,26,1,0,1,15.1,8,3,5,60,0,0,0,2,2,100,3,2,5,0,2,1,0,4,15,0,0,-2,
Emmanuel Mudiay,NYK,22,1,0,1,22.8,19,8,12,66.7,2,3,66.7,1,2,50,0,6,6,0,1,2,2,0,37.2,0,0,10,
Elfrid Payton,NOP,24,1,1,0,8.1,0,0,3,0,0,0,0,0,0,0,0,1,1,0,1,1,0,2,3.2,0,0,-12,
Ekpe Udoh,UTA,31,1,0,1,1.8,0,0,0,0,0,0,0,0,0,0,0,0,0,0,1,0,0,0,-1,0,0,-2,
Ed Davis,BKN,29,1,1,0,14.9,3,1,3,33.3,0,0,0,1,1,100,2,3,5,1,1,0,0,4,9.5,0,0,-2,
E'Twaun Moore,NOP,29,1,1,0,30.1,13,6,11,54.5,1,3,33.3,0,0,0,0,2,2,1,0,0,0,5,16.9,0,0,3,
Dzanan Musa,BKN,19,1,1,0,1,0,0,1,0,0,0,0,0,0,0,0,0,0,0,0,0,0,0,0,0,0,0,
Dwight Howard,WAS,32,1,0,1,27.3,25,9,13,69.2,0,0,0,7,10,70,6,11,17,1,2,1,1,6,50.9,1,0,-10,
Doug McDermott,IND,26,1,1,0,18.5,3,1,3,33.3,1,3,33.3,0,0,0,0,0,0,1,2,0,0,2,2.5,0,0,21,
Donovan Mitchell,UTA,22,1,0,1,33.8,31,13,35,37.1,1,11,9.1,4,7,57.1,0,2,2,0,1,4,1,3,47.4,0,0,1,
Domantas Sabonis,IND,22,1,1,0,24.9,15,7,10,70,0,0,0,1,1,100,0,12,12,3,3,0,0,4,30.9,1,0,21,
Derrick Rose,MIN,30,1,1,0,33.9,17,7,13,53.8,0,1,0,3,4,75,0,7,7,6,2,0,0,0,32.4,0,0,11,
Derrick Favors,UTA,27,1,0,1,24.8,13,5,5,100,0,0,0,3,6,50,3,3,6,0,0,1,1,2,26.2,0,0,11,
Delon Wright,TOR,26,1,0,1,25.5,7,3,7,42.9,1,2,50,0,0,0,0,2,2,2,0,2,1,1,21.4,0,0,-15,
DeMarre Carroll,BKN,32,1,1,0,24.3,11,3,10,30,1,5,20,4,4,100,1,5,6,2,1,0,0,0,20.2,0,0,7,
De'Aaron Fox,SAC,20,1,0,1,36.1,23,8,17,47.1,1,5,20,6,8,75,1,3,4,10,6,2,0,3,42.8,1,0,-1,
Darren Collison,IND,31,1,1,0,24.3,4,1,7,14.3,1,1,100,1,2,50,0,0,0,2,2,4,0,1,17,0,0,-15,
Darius Miller,NOP,28,1,1,0,29.7,3,1,6,16.7,1,6,16.7,0,0,0,1,5,6,5,0,0,1,0,20.7,0,0,25,
Dario Saric,MIN,24,1,1,0,27,9,3,9,33.3,1,5,20,2,2,100,1,6,7,2,3,1,1,4,23.4,0,0,6,
Dante Exum,UTA,23,1,0,1,18.3,7,3,7,42.9,0,0,0,1,2,50,0,2,2,4,2,0,0,1,13.4,0,0,2,
Danny Green,TOR,31,1,0,1,30.1,11,4,10,40,3,7,42.9,0,0,0,1,4,5,0,0,1,1,6,23,0,0,18,
Damyean Dotson,NYK,24,1,0,1,18.5,6,3,8,37.5,0,2,0,0,0,0,0,2,2,0,1,2,0,2,13.4,0,0,0,
Damian Lillard,POR,28,1,0,1,36.6,16,5,18,27.8,1,7,14.3,5,6,83.3,2,4,6,5,5,0,0,2,25.7,0,0,-21,
D'Angelo Russell,BKN,22,1,1,0,29.8,23,8,16,50,1,4,25,6,8,75,0,3,3,6,4,2,0,2,37.6,0,0,6,
Cristiano Felicio,CHI,26,1,0,1,3.5,0,0,2,0,0,1,0,0,0,0,0,0,0,0,0,0,0,0,0,0,0,3,
Cory Joseph,IND,27,1,1,0,30.1,12,5,8,62.5,2,3,66.7,0,0,0,0,2,2,5,1,3,0,3,29.9,0,0,12,
Christian Wood,MIL,23,1,1,0,3.5,2,1,4,25,0,0,0,0,0,0,2,2,4,0,1,0,0,0,5.8,0,0,-3,
Chandler Hutchison,CHI,22,1,0,1,23,3,0,3,0,0,2,0,3,4,75,0,4,4,1,0,1,0,3,12.3,0,0,-1,
Cameron Payne,CHI,24,1,0,1,3.5,2,0,0,0,0,0,0,2,2,100,0,0,0,0,0,1,0,0,5,0,0,3,
Caleb Swanigan,POR,21,1,0,1,5.7,0,0,1,0,0,0,0,0,0,0,0,0,0,1,0,1,0,0,4.5,0,0,8,
CJ McCollum,POR,27,1,0,1,30.7,18,8,16,50,1,4,25,1,2,50,0,1,1,2,3,1,0,2,22.2,0,0,-13,
Buddy Hield,SAC,24,1,0,1,27.5,16,6,12,50,2,4,50,2,2,100,0,4,4,3,3,2,1,2,31.3,0,0,-23,
Brook Lopez,MIL,30,1,1,0,29.5,14,5,10,50,4,8,50,0,0,0,1,4,5,0,2,0,2,0,24,0,0,15,
Bradley Beal,WAS,25,1,0,1,38.1,20,8,19,42.1,1,3,33.3,3,4,75,2,4,6,2,1,0,1,4,32.2,0,0,-7,
Bojan Bogdanovic,IND,29,1,1,0,32.9,16,6,10,60,2,4,50,2,2,100,1,5,6,0,4,1,0,1,22.2,0,0,-1,
Bogdan Bogdanovic,SAC,26,1,0,1,23.8,12,5,10,50,2,4,50,0,0,0,0,2,2,2,2,1,0,0,18.4,0,0,6,
Ben Simmons,PHI,22,1,1,0,36,10,4,9,44.4,0,0,0,2,5,40,0,8,8,8,3,1,1,2,34.6,0,0,15,
Bam Adebayo,MIA,21,1,0,1,19.2,8,3,7,42.9,0,0,0,2,3,66.7,0,6,6,3,1,2,2,1,30.7,0,0,-11,
Austin Rivers,WAS,26,1,0,1,13.4,0,0,3,0,0,1,0,0,0,0,0,3,3,0,0,0,0,1,3.6,0,0,-8,
Aron Baynes,BOS,31,1,1,0,17.8,6,1,3,33.3,0,0,0,4,4,100,2,2,4,4,0,0,1,3,19.8,0,0,12,
Antonio Blakeney,CHI,22,1,0,1,20.8,18,8,14,57.1,2,4,50,0,0,0,0,2,2,1,1,0,0,1,20.9,0,0,-7,
Anthony Davis,NOP,25,1,1,0,40.4,43,16,25,64,1,4,25,10,15,66.7,4,13,17,5,2,1,1,2,74.9,1,0,10,
Anfernee Simons,POR,19,1,0,1,13.4,7,3,7,42.9,0,2,0,1,2,50,0,3,3,1,0,0,0,0,12.1,0,0,9,
Andrew Wiggins,MIN,23,1,1,0,37.2,23,9,21,42.9,3,8,37.5,2,2,100,0,5,5,4,2,2,1,1,42,0,0,17,
Amir Johnson,PHI,31,1,1,0,14.2,11,4,9,44.4,2,3,66.7,1,2,50,4,1,5,3,1,0,0,4,20.5,0,0,-12,
Allonzo Trier,NYK,22,1,0,1,32.3,11,4,11,36.4,1,4,25,2,2,100,1,1,2,5,1,0,1,2,22.9,0,0,-9,
Allen Crabbe,BKN,26,1,1,0,20.4,6,2,8,25,1,6,16.7,1,1,100,0,2,2,0,0,0,0,1,8.4,0,0,9,
Alec Burks,UTA,27,1,0,1,11.4,4,1,2,50,0,1,0,2,3,66.7,0,1,1,2,0,0,0,2,8.2,0,0,-1,
Al-Farouq Aminu,POR,28,1,0,1,29.9,5,1,7,14.3,1,5,20,2,2,100,1,7,8,1,1,2,0,1,21.1,0,0,-22,
Al Horford,BOS,32,1,1,0,35.2,11,5,9,55.6,1,2,50,0,0,0,1,8,9,2,1,0,2,2,29.8,0,0,-5,
